<?xml version='1.0'?>
<home version='6000' exportFlags='17' name='chateau.sh3d' camera='topCamera' selectedLevel='level0' wallHeight='243.84'>
  <environment groundColor='00A8A8A8' skyColor='00CCE4FC' lightColor='00D0D0D0'/>
  <observerCamera attribute='observerCamera' lens='PINHOLE' x='50.0' y='50.0' z='170.0' yaw='5.4977875' pitch='0.19634955' fieldOfView='1.0995575' time='1547294400000' fixedSize='true'/>
  <camera attribute='topCamera' lens='PINHOLE' x='562.3259' y='1335.3386' z='1486.349' yaw='-28.478306' pitch='0.919999' fieldOfView='1.0995575' time='1547294400000'/>
  <level id='level0' name='Level 0' elevation='0.0' floorThickness='12.0' height='243.84' elevationIndex='0'/>
  <level id='level1' name='Level 1' elevation='255.84' floorThickness='12.0' height='243.84' elevationIndex='0' visible='false'/>
  <pieceOfFurniture level='level0' catalogId='eTeks#toiletUnit' name='Toilet unit' creator='eTeks' model='1' x='485.5468' y='200.09805' angle='4.712389' width='40.005' depth='80.01' height='62.23' modelSize='125874' movable='false'/>
  <pieceOfFurniture level='level0' catalogId='eTeks#washbasin' name='Washbasin' creator='eTeks' model='3' x='469.0368' y='35.559998' angle='4.712389' width='55.879997' depth='46.989998' height='96.52' modelSize='239991' movable='false'/>
  <pieceOfFurniture level='level0' name='Queen' model='5/queen.obj' x='109.219955' y='119.34746' angle='4.712389' width='152.4' depth='203.2' height='63.5' modelSize='695'>
    <texture name='Classic red squares' creator='Scopia' catalogId='eTeksScopia#classic-red-squares-fabric-for-furniture' width='50.0' height='50.0' image='6'/>
  </pieceOfFurniture>
  <doorOrWindow level='level0' catalogId='eTeks#door' name='Door' creator='eTeks' model='8' x='315.36917' y='185.90517' angle='1.5707964' width='81.28' depth='19.785654' height='208.28' modelMirrored='true' modelSize='14086' movable='false' cutOutShape='M0,0 v1 h1 v-1 z' wallCutOutOnBothSides='true'/>
  <doorOrWindow level='level0' catalogId='Artist373#frontDoor' name='Front door' creator='Pencilart' model='10' x='463.03357' y='723.6691' angle='3.1415927' width='111.759995' depth='18.473476' height='205.105' modelSize='250122' movable='false' cutOutShape='M0,0 v1 h1 v-1 z' wallCutOutOnBothSides='true'/>
  <pieceOfFurniture level='level0' name='Pellet' model='12/pellet.obj' x='56.649826' y='668.57544' angle='4.712389' width='60.96' depth='68.58' height='88.9' color='FF040022' modelSize='7264'/>
  <doorOrWindow level='level0' catalogId='eTeks#window85x123' name='Small window' creator='eTeks' model='14' x='154.63464' y='-2.8315923' elevation='86.994995' angle='3.1415927' width='91.44' depth='20.903934' height='133.985' modelSize='9333' movable='false' cutOutShape='M0,0 v1 h1 v-1 z' wallCutOutOnBothSides='true'/>
  <doorOrWindow level='level0' catalogId='eTeks#window85x123' name='Small window' creator='eTeks' model='14' x='-2.8316534' y='163.29074' elevation='86.994995' angle='1.5707964' width='91.44' depth='20.903934' height='133.985' modelSize='9333' movable='false' cutOutShape='M0,0 v1 h1 v-1 z' wallCutOutOnBothSides='true'/>
  <doorOrWindow level='level0' catalogId='eTeks#window85x123' name='Small window' creator='eTeks' model='14' x='724.1666' y='356.9872' elevation='86.994995' angle='4.726165' width='91.44' depth='20.903934' height='133.985' modelSize='9333' movable='false' cutOutShape='M0,0 v1 h1 v-1 z' wallCutOutOnBothSides='true'/>
  <furnitureGroup level='level0' name='Group -1-' x='610.01117' y='617.0562' angle='3.1415927' width='137.15997' depth='122.045044' height='90.17'>
    <pieceOfFurniture level='level0' name='Table' model='16/table.obj' x='610.01117' y='618.3478' angle='1.570796' width='91.44' depth='137.16' height='76.2' modelSize='754'>
      <texture name='Beech' creator='Emmanuel Puybaret' width='40.0' height='80.0' image='17'/>
    </pieceOfFurniture>
    <pieceOfFurniture level='level0' catalogId='eTeks#chair' name='Chair' creator='eTeks' model='19' x='642.6225' y='577.01117' angle='6.2831845' width='40.005' depth='41.91' height='90.17' modelMirrored='true' modelSize='3025'/>
    <pieceOfFurniture level='level0' catalogId='eTeks#chair' name='Chair' creator='eTeks' model='19' x='580.9089' y='576.9887' angle='6.2831845' width='40.005' depth='41.91' height='90.17' modelMirrored='true' modelSize='3025'/>
    <pieceOfFurniture level='level0' catalogId='eTeks#chair' name='Chair' creator='eTeks' model='19' x='575.9258' y='657.1237' angle='3.1415927' width='40.005' depth='41.91' height='90.17' modelSize='3025'/>
    <pieceOfFurniture level='level0' catalogId='eTeks#chair' name='Chair' creator='eTeks' model='19' x='637.63934' y='657.10126' angle='3.1415927' width='40.005' depth='41.91' height='90.17' modelSize='3025'/>
  </furnitureGroup>
  <doorOrWindow level='level1' catalogId='eTeks#doubleWindow126x163' name='Double window' creator='eTeks' model='21' x='728.6884' y='369.62796' elevation='46.989998' angle='1.5707964' width='132.08' depth='20.903934' height='121.92' modelSize='13650' movable='false' cutOutShape='M0,0 v1 h1 v-1 z' wallCutOutOnBothSides='true'/>
  <doorOrWindow level='level1' catalogId='eTeks#doubleWindow126x163' name='Double window' creator='eTeks' model='21' x='2.8315914' y='368.45816' elevation='46.989998' angle='4.712389' width='182.88' depth='20.903934' height='121.92' modelSize='13650' movable='false' cutOutShape='M0,0 v1 h1 v-1 z' wallCutOutOnBothSides='true'/>
  <doorOrWindow level='level0' catalogId='eTeks#window85x123' name='Small window' creator='eTeks' model='14' x='257.29517' y='721.06836' elevation='86.994995' angle='3.1415927' width='185.42' depth='20.903934' height='133.985' modelSize='9333' movable='false' cutOutShape='M0,0 v1 h1 v-1 z' wallCutOutOnBothSides='true'/>
  <doorOrWindow level='level0' catalogId='eTeks#roundWindow' name='Round window' creator='eTeks' model='23' x='-8.2969054E-5' y='617.7089' elevation='129.8575' angle='4.712389' width='91.1225' depth='15.240749' height='91.1225' modelSize='16819' movable='false' cutOutShape='M0,0.5 a0.5,0.5 0 1,0 1,0 a0.5,0.5 0 1,0 -1,0 z' wallCutOutOnBothSides='true'/>
  <doorOrWindow level='level0' catalogId='eTeks#window85x123' name='Small window' creator='eTeks' model='14' x='720.61017' y='615.13806' elevation='86.994995' angle='4.726165' width='91.44' depth='20.903934' height='133.985' modelSize='9333' movable='false' cutOutShape='M0,0 v1 h1 v-1 z' wallCutOutOnBothSides='true'/>
  <pieceOfFurniture level='level0' catalogId='eTeks#fittedBath' name='Fitted bath' creator='eTeks' model='25' x='632.45996' y='200.66' angle='3.1415925' width='152.4' depth='76.2' height='71.119995' modelRotation='0 0 -1 0 1 0 1 0 0' modelSize='87663' movable='false'/>
  <furnitureGroup level='level0' name='Group -3-' x='647.69995' y='41.910038' width='137.1601' depth='68.58008' height='85.09'>
    <pieceOfFurniture level='level0' catalogId='eTeks#clothesWasher' name='Clothes washer' creator='eTeks' model='27' x='681.9899' y='41.910004' width='68.58' depth='68.58' depthInPlan='68.58001' height='85.09' modelSize='24815'/>
    <pieceOfFurniture level='level0' catalogId='OlaKristianHoff#washer_dryer' name='Washer dryer' creator='Ola-Kristian Hoff' model='29/washer_dryer.obj' x='613.40985' y='41.910072' width='68.58' depth='68.58' height='85.09' modelSize='81910'/>
  </furnitureGroup>
  <doorOrWindow level='level0' catalogId='eTeks#door' name='Door' creator='eTeks' model='8' x='444.3251' y='129.82715' angle='4.712389' width='76.2' depth='14.839428' height='208.28' modelSize='14086' movable='false' cutOutShape='M0,0 v1 h1 v-1 z' wallCutOutOnBothSides='true'/>
  <doorOrWindow level='level0' catalogId='OlaKristianHoff#fixed_window_2x2' name='Fixed small window' creator='Ola-Kristian Hoff' model='31/fixed_window_2x2.obj' x='509.0591' y='-0.24580601' elevation='160.9725' angle='3.1415927' width='60.0075' depth='15.732362' height='60.0075' modelSize='9276' movable='false' cutOutShape='M0,0 v1 h1 v-1 z' wallCutOutOnBothSides='true'/>
  <furnitureGroup level='level0' name='Group -2-' x='579.25543' y='368.30017' width='289.28836' depth='238.76031' height='185.42'>
    <pieceOfFurniture level='level0' catalogId='Pencilart#stove1' name='Stove' creator='Pencilart' model='33/stove1.obj' x='692.1496' y='386.24863' angle='1.5707963' width='76.2' depth='63.5' height='104.14' modelSize='245209'/>
    <pieceOfFurniture level='level0' catalogId='Pastierovic#cabinetWithBasin' name='Gray cabinet with basin' creator='Robert Pastierovic' model='35' x='583.37213' y='280.67' width='86.36' depth='63.5' height='99.06' modelSize='21378'/>
    <pieceOfFurniture level='level0' catalogId='Pastierovic#cabinet' name='Gray cabinet' creator='Robert Pastierovic' model='37' x='692.14935' y='294.64047' angle='1.5707967' width='91.44' depth='63.5' height='86.042496' modelSize='6487'/>
    <pieceOfFurniture level='level0' catalogId='eTeks#fridgeFreezer' name='Fridge &amp; Freezer' creator='eTeks' model='39' x='472.71124' y='287.02036' width='76.2' depth='76.2' height='185.42' modelSize='26363'/>
    <pieceOfFurniture level='level0' catalogId='Pastierovic#drawers' name='Gray drawers' creator='Robert Pastierovic' model='41' x='526.0514' y='279.40015' width='30.48' depth='60.96' height='86.042496' modelSize='7652'/>
    <pieceOfFurniture level='level0' catalogId='Pastierovic#drawers' name='Gray drawers' creator='Robert Pastierovic' model='41' x='641.4013' y='280.6705' width='45.72' depth='63.5' height='86.042496' modelSize='7652'/>
    <pieceOfFurniture level='level0' catalogId='Pastierovic#drawers' name='Gray drawers' creator='Robert Pastierovic' model='41' x='692.1496' y='457.2003' angle='1.5707967' width='60.96' depth='63.5' height='86.042496' modelSize='7652'/>
  </furnitureGroup>
  <doorOrWindow level='level0' catalogId='OlaKristianHoff#fixed_window_2x2' name='Fixed small window' creator='Ola-Kristian Hoff' model='31/fixed_window_2x2.obj' x='724.14575' y='129.0344' elevation='160.9725' angle='4.712389' width='60.0075' depth='15.732362' height='60.0075' modelSize='9276' movable='false' cutOutShape='M0,0 v1 h1 v-1 z' wallCutOutOnBothSides='true'/>
  <doorOrWindow level='level0' catalogId='OlaKristianHoff#sliderPocketDoor' name='Slider pocket door' creator='Ola-Kristian Hoff' model='43/sliderPocketDoor.obj' x='553.07' y='107.27133' angle='4.712389' width='81.28' depth='7.62075' height='212.4075' modelSize='5666' movable='false' cutOutShape='M0,0 v1 h1 v-1 z' wallCutOutOnBothSides='true'/>
  <doorOrWindow level='level0' catalogId='OlaKristianHoff#sliderPocketDoor' name='Slider pocket door' creator='Ola-Kristian Hoff' model='43/sliderPocketDoor.obj' x='379.884' y='243.84' angle='3.1415927' width='91.44' depth='10.160749' height='212.4075' modelSize='5666' movable='false' cutOutShape='M0,0 v1 h1 v-1 z' wallCutOutOnBothSides='true'/>
  <doorOrWindow level='level0' catalogId='eTeks#door' name='Door' creator='eTeks' model='8' x='385.18356' y='5.1866274' width='91.44' depth='29.678106' height='208.28' modelSize='14086' movable='false' cutOutShape='M0,0 v1 h1 v-1 z' wallCutOutOnBothSides='true'/>
  <pieceOfFurniture level='level0' catalogId='eTeks#cornerSofa' name='Corner sofa' creator='eTeks' model='45' x='213.83447' y='349.51022' width='233.045' depth='167.64' height='86.994995' modelMirrored='true' modelSize='364199'/>
  <furnitureGroup level='level0' name='Group -5-' x='324.8805' y='541.10175' angle='3.1415927' width='217.84633' depth='215.54312' height='86.994995'>
    <pieceOfFurniture level='level0' catalogId='eTeks#armchair' name='Armchair' creator='eTeks' model='47' x='398.24365' y='549.43085' angle='1.5707964' width='71.119995' depth='71.119995' height='86.994995' modelMirrored='true' modelSize='104093'/>
    <pieceOfFurniture level='level0' catalogId='eTeks#armchair' name='Armchair' creator='eTeks' model='47' x='398.24365' y='468.8902' angle='1.5707964' width='71.119995' depth='71.119995' height='86.994995' modelMirrored='true' modelSize='104093'/>
    <pieceOfFurniture level='level0' catalogId='eTeks#armchair' name='Armchair' creator='eTeks' model='47' x='336.68433' y='613.03436' angle='3.1415927' width='71.119995' depth='71.119995' height='86.994995' modelMirrored='true' modelSize='104093'/>
    <pieceOfFurniture level='level0' catalogId='eTeks#armchair' name='Armchair' creator='eTeks' model='47' x='251.51733' y='613.3133' angle='3.1415925' width='71.119995' depth='71.119995' height='86.994995' modelMirrored='true' modelSize='104093'/>
    <pieceOfFurniture level='level0' catalogId='eTeks#coffeeTable' name='Coffee table' creator='eTeks' model='49' x='306.64966' y='530.5013' angle='3.1415923' width='60.96' depth='60.96' height='40.005' modelSize='9814'/>
  </furnitureGroup>
  <pieceOfFurniture level='level0' catalogId='eTeks#curveStaircase' name='Curve staircase' creator='eTeks' model='51' x='43.815315' y='409.45203' width='72.39' depth='238.125' height='361.94998' modelSize='14114' movable='false' staircaseCutOutShape='M0,0 v1 h1 v-1 z'/>
  <pieceOfFurniture level='level0' catalogId='eTeks#texturableBox' name='beam' creator='eTeks' model='53/texturableBox.obj' x='358.14' y='533.88715' elevation='228.59999' width='731.52' depth='10.16' height='15.24' modelSize='1661'>
    <texture name='Beech' creator='Emmanuel Puybaret' width='40.0' height='80.0' image='17'/>
  </pieceOfFurniture>
  <doorOrWindow level='level0' catalogId='eTeks#window85x123' name='Small window' creator='eTeks' model='14' x='610.7033' y='726.73157' elevation='86.994995' angle='1.7484555E-7' width='91.44' depth='20.903934' height='133.985' modelSize='9333' movable='false' cutOutShape='M0,0 v1 h1 v-1 z' wallCutOutOnBothSides='true'/>
  <doorOrWindow level='level0' catalogId='eTeks#window85x123' name='Small window' creator='eTeks' model='14' x='-2.8316555' y='362.99304' elevation='86.994995' angle='1.5707964' width='91.44' depth='20.903934' height='133.985' modelSize='9333' movable='false' cutOutShape='M0,0 v1 h1 v-1 z' wallCutOutOnBothSides='true'/>
  <pieceOfFurniture level='level0' catalogId='eTeks#texturableBox' name='Box' creator='eTeks' model='53/texturableBox.obj' x='568.31' y='40.797394' elevation='152.4' angle='1.5707964' width='35.559998' depth='22.86' height='58.42' modelSize='1661'>
    <texture name='Gray carpeting' creator='Scopia' catalogId='eTeksScopia#floor-carpeting-grey' width='150.0' height='150.0' image='54'/>
  </pieceOfFurniture>
  <pieceOfFurniture level='level1' name='Twin' model='56/twin.obj' x='621.02997' y='237.14076' angle='1.5707964' width='96.52' depth='190.5' height='63.5' modelSize='690'>
    <texture name='Classic red squares' creator='Scopia' catalogId='eTeksScopia#classic-red-squares-fabric-for-furniture' width='50.0' height='50.0' image='6'/>
  </pieceOfFurniture>
  <pieceOfFurniture level='level1' name='Twin' model='56/twin.obj' x='621.02997' y='478.19775' angle='1.5707964' width='96.52' depth='190.5' height='63.5' modelSize='690'>
    <texture name='Classic red squares' creator='Scopia' catalogId='eTeksScopia#classic-red-squares-fabric-for-furniture' width='50.0' height='50.0' image='6'/>
  </pieceOfFurniture>
  <doorOrWindow level='level1' catalogId='eTeks#door' name='Door' creator='eTeks' model='8' x='424.12668' y='369.3547' angle='1.5707964' width='91.44' depth='14.839428' height='208.28' modelSize='14086' movable='false' cutOutShape='M0,0 v1 h1 v-1 z' wallCutOutOnBothSides='true'/>
  <pieceOfFurniture level='level1' catalogId='Pencilart#throwPillow' name='Pillow' creator='Pencilart' model='58/throwPillow.obj' x='358.3651' y='497.42322' angle='6.021386' pitch='1.5707964' width='104.14' depth='51.123272' depthInPlan='110.10861' height='95.61945' heightInPlan='76.510254' modelRotation='1 0 0 0 0.9396926 0.34202018 0 -0.34202018 0.9396926' modelSize='206189'/>
  <pieceOfFurniture level='level1' catalogId='Pencilart#throwPillow' name='Pillow' creator='Pencilart' model='58/throwPillow.obj' x='201.21669' y='496.226' angle='0.52359885' pitch='1.5707964' width='104.14' depth='51.1175' depthInPlan='110.04877' height='95.5675' heightInPlan='76.50161' modelRotation='1 0 0 0 0.9396926 0.34202018 0 -0.34202018 0.9396926' modelSize='206189'/>
  <light level='level1' catalogId='GdB#lampeHalogene' name='Floor lamp' creator='GdB' model='60' x='285.31183' y='519.0703' angle='3.1415927' width='31.432499' depth='68.8975' height='180.02249' modelSize='14224'/>
  <wall id='wall0' level='level0' wallAtStart='wall22' wallAtEnd='wall13' xStart='-6.1035156E-5' yStart='243.84' xEnd='318.8269' yEnd='243.84' height='243.84' thickness='10.16' pattern='hatchUp'>
    <texture attribute='leftSideTexture' name='Pine' creator='Scopia' width='60.0' height='60.0' angle='1.5707964' scale='0.75' image='61'/>
    <texture attribute='rightSideTexture' name='Pine' creator='Scopia' width='60.0' height='60.0' angle='1.5707964' scale='0.75' image='61'/>
  </wall>
  <wall id='wall1' level='level0' wallAtStart='wall21' xStart='-6.1035156E-5' yStart='0.0' xEnd='269.24' yEnd='0.0' height='243.84' thickness='15.24' pattern='hatchUp' leftSideColor='FF8B0017'>
    <texture attribute='rightSideTexture' name='Pine' creator='Scopia' width='60.0' height='60.0' angle='1.5707964' scale='0.75' image='61'/>
  </wall>
  <wall id='wall2' level='level0' wallAtStart='wall4' wallAtEnd='wall12' xStart='-9.1552734E-5' yStart='723.89996' xEnd='-6.1035156E-5' yEnd='335.27997' height='243.84' thickness='15.24' pattern='hatchUp' leftSideColor='FF8B0017'>
    <texture attribute='rightSideTexture' name='Pine' creator='Scopia' width='60.0' height='60.0' angle='1.5707964' scale='0.75' image='61'/>
  </wall>
  <wall id='wall3' level='level0' wallAtStart='wall31' wallAtEnd='wall4' xStart='716.27997' yStart='723.89996' xEnd='304.79993' yEnd='723.89996' height='243.84' thickness='15.24' pattern='hatchUp' leftSideColor='FF8B0017'>
    <texture attribute='rightSideTexture' name='Pine' creator='Scopia' width='60.0' height='60.0' angle='1.5707964' scale='0.75' image='61'/>
  </wall>
  <wall id='wall4' level='level0' wallAtStart='wall3' wallAtEnd='wall2' xStart='304.79993' yStart='723.89996' xEnd='-9.1552734E-5' yEnd='723.89996' height='243.84' thickness='15.24' pattern='hatchUp' leftSideColor='FF8B0017'>
    <texture attribute='rightSideTexture' name='Pine' creator='Scopia' width='60.0' height='60.0' angle='1.5707964' scale='0.75' image='61'/>
  </wall>
  <wall id='wall5' level='level1' wallAtStart='wall15' wallAtEnd='wall14' xStart='0.0' yStart='0.0' xEnd='723.89996' yEnd='0.0' height='2.54' thickness='15.24' pattern='hatchUp' leftSideColor='FF8B0017'>
    <texture attribute='rightSideTexture' name='Pine' creator='Scopia' width='60.0' height='60.0' angle='1.5707964' scale='0.75' image='61'/>
  </wall>
  <wall id='wall6' level='level1' xStart='0.0' yStart='152.4' xEnd='723.89996' yEnd='152.4' height='152.4' thickness='7.62' pattern='hatchUp'>
    <texture attribute='leftSideTexture' name='Pine' creator='Scopia' width='60.0' height='60.0' angle='1.5707964' scale='0.75' image='61'/>
    <texture attribute='rightSideTexture' name='Pine' creator='Scopia' width='60.0' height='60.0' angle='1.5707964' scale='0.75' image='61'/>
  </wall>
  <wall id='wall7' level='level1' wallAtStart='wall8' xStart='107.81717' yStart='294.55798' xEnd='-1.4028931' yEnd='294.55798' height='2.54' thickness='7.62' pattern='hatchUp'>
    <texture attribute='leftSideTexture' name='Pine' creator='Scopia' width='60.0' height='60.0' angle='1.5707964' scale='0.75' image='61'/>
    <texture attribute='rightSideTexture' name='Pine' creator='Scopia' width='60.0' height='60.0' angle='1.5707964' scale='0.75' image='61'/>
  </wall>
  <wall id='wall8' level='level1' wallAtStart='wall24' wallAtEnd='wall7' xStart='112.793724' yStart='577.3975' xEnd='107.81717' yEnd='294.55798' height='91.44' thickness='7.62' pattern='hatchUp'>
    <texture attribute='leftSideTexture' name='Pine' creator='Scopia' width='60.0' height='60.0' angle='1.5707964' scale='0.75' image='61'/>
    <texture attribute='rightSideTexture' name='Pine' creator='Scopia' width='60.0' height='60.0' angle='1.5707964' scale='0.75' image='61'/>
  </wall>
  <wall id='wall9' level='level1' wallAtStart='wall26' wallAtEnd='wall10' xStart='723.89996' yStart='723.89996' xEnd='109.349' yEnd='723.89996' height='2.54' thickness='15.24' pattern='hatchUp' leftSideColor='FF8B0017'>
    <texture attribute='rightSideTexture' name='Pine' creator='Scopia' width='60.0' height='60.0' angle='1.5707964' scale='0.75' image='61'/>
  </wall>
  <wall id='wall10' level='level1' wallAtStart='wall9' wallAtEnd='wall16' xStart='109.349' yStart='723.89996' xEnd='-7.6293945E-6' yEnd='723.89996' height='2.54' thickness='15.24' pattern='hatchUp' leftSideColor='FF8B0017'>
    <texture attribute='rightSideTexture' name='Pine' creator='Scopia' width='60.0' height='60.0' angle='1.5707964' scale='0.75' image='61'/>
  </wall>
  <wall id='wall11' level='level0' wallAtStart='wall35' wallAtEnd='wall30' xStart='723.89996' yStart='0.0' xEnd='723.89996' yEnd='170.78508' height='243.84' thickness='15.24' pattern='hatchUp' leftSideColor='FF8B0017'>
    <texture attribute='rightSideTexture' name='Pine' creator='Scopia' width='60.0' height='60.0' angle='1.5707964' scale='0.75' image='61'/>
  </wall>
  <wall id='wall12' level='level0' wallAtStart='wall2' wallAtEnd='wall20' xStart='-6.1035156E-5' yStart='335.27997' xEnd='-6.1035156E-5' yEnd='304.8' height='243.84' thickness='15.24' pattern='hatchUp' leftSideColor='FF8B0017'>
    <texture attribute='rightSideTexture' name='Pine' creator='Scopia' width='60.0' height='60.0' angle='1.5707964' scale='0.75' image='61'/>
  </wall>
  <wall id='wall13' level='level0' wallAtStart='wall0' xStart='318.8269' yStart='243.84' xEnd='318.8269' yEnd='0.0' height='243.84' thickness='10.16' pattern='hatchUp'>
    <texture attribute='leftSideTexture' name='Pine' creator='Scopia' width='60.0' height='60.0' angle='1.5707964' scale='0.75' image='61'/>
    <texture attribute='rightSideTexture' name='Pine' creator='Scopia' width='60.0' height='60.0' angle='1.5707964' scale='0.75' image='61'/>
  </wall>
  <wall id='wall14' level='level1' wallAtStart='wall5' wallAtEnd='wall25' xStart='723.89996' yStart='0.0' xEnd='723.89996' yEnd='365.76004' height='0.0' heightAtEnd='365.76' thickness='15.24' pattern='hatchUp' leftSideColor='FF8B0017'>
    <texture attribute='rightSideTexture' name='Pine' creator='Scopia' width='60.0' height='60.0' angle='1.5707964' scale='0.75' image='61'/>
  </wall>
  <wall id='wall15' level='level1' wallAtStart='wall5' wallAtEnd='wall16' xStart='0.0' yStart='0.0' xEnd='-1.598788E-5' yEnd='365.76004' height='0.0' heightAtEnd='365.76' thickness='15.24' pattern='hatchUp' rightSideColor='FF8B0017'>
    <texture attribute='leftSideTexture' name='Pine' creator='Scopia' width='60.0' height='60.0' angle='1.5707964' scale='0.75' image='61'/>
  </wall>
  <wall id='wall16' level='level1' wallAtStart='wall15' wallAtEnd='wall10' xStart='-1.598788E-5' yStart='365.76004' xEnd='-7.6293945E-6' yEnd='723.89996' height='365.76' heightAtEnd='0.0' thickness='15.24' pattern='hatchUp' rightSideColor='FF8B0017'>
    <texture attribute='leftSideTexture' name='Pine' creator='Scopia' width='60.0' height='60.0' angle='1.5707964' scale='0.75' image='61'/>
  </wall>
  <wall id='wall17' level='level0' xStart='441.7318' yStart='243.84' xEnd='441.7318' yEnd='0.0' height='243.84' thickness='7.62' pattern='hatchUp'>
    <texture attribute='leftSideTexture' name='Pine' creator='Scopia' width='60.0' height='60.0' angle='1.5707964' scale='0.75' image='61'/>
    <texture attribute='rightSideTexture' name='Pine' creator='Scopia' width='60.0' height='60.0' angle='1.5707964' scale='0.75' image='61'/>
  </wall>
  <wall id='wall18' level='level0' xStart='553.07' yStart='245.13' xEnd='553.07' yEnd='1.2900085' height='243.84' thickness='7.62' pattern='hatchUp'>
    <texture attribute='leftSideTexture' name='Pine' creator='Scopia' width='60.0' height='60.0' angle='1.5707964' scale='0.75' image='61'/>
    <texture attribute='rightSideTexture' name='Pine' creator='Scopia' width='60.0' height='60.0' angle='1.5707964' scale='0.75' image='61'/>
  </wall>
  <wall id='wall19' level='level0' wallAtEnd='wall27' xStart='269.24' yStart='0.0' xEnd='318.8269' yEnd='0.0' height='243.84' thickness='15.24' pattern='hatchUp' leftSideColor='FF8B0017'>
    <texture attribute='rightSideTexture' name='Pine' creator='Scopia' width='60.0' height='60.0' angle='1.5707964' scale='0.75' image='61'/>
  </wall>
  <wall id='wall20' level='level0' wallAtStart='wall12' wallAtEnd='wall21' xStart='-6.1035156E-5' yStart='304.8' xEnd='-6.1035156E-5' yEnd='243.84' height='243.84' thickness='15.24' pattern='hatchUp' leftSideColor='FF8B0017'>
    <texture attribute='rightSideTexture' name='Pine' creator='Scopia' width='60.0' height='60.0' angle='1.5707964' scale='0.75' image='61'/>
  </wall>
  <wall id='wall21' level='level0' wallAtStart='wall20' wallAtEnd='wall1' xStart='-6.1035156E-5' yStart='243.84' xEnd='-6.1035156E-5' yEnd='0.0' height='243.84' thickness='15.24' pattern='hatchUp' leftSideColor='FF8B0017'>
    <texture attribute='rightSideTexture' name='Pine' creator='Scopia' width='60.0' height='60.0' angle='1.5707964' scale='0.75' image='61'/>
  </wall>
  <wall id='wall22' level='level0' wallAtStart='wall29' wallAtEnd='wall0' xStart='318.8269' yStart='243.84' xEnd='-6.1035156E-5' yEnd='243.84' height='243.84' thickness='10.16' pattern='hatchUp'>
    <texture attribute='leftSideTexture' name='Pine' creator='Scopia' width='60.0' height='60.0' angle='1.5707964' scale='0.75' image='61'/>
    <texture attribute='rightSideTexture' name='Pine' creator='Scopia' width='60.0' height='60.0' angle='1.5707964' scale='0.75' image='61'/>
  </wall>
  <wall id='wall23' level='level1' xStart='109.34888' yStart='579.12' xEnd='716.27997' yEnd='579.12' height='152.4' thickness='7.62' pattern='hatchUp'>
    <texture attribute='leftSideTexture' name='Pine' creator='Scopia' width='60.0' height='60.0' angle='1.5707964' scale='0.75' image='61'/>
    <texture attribute='rightSideTexture' name='Pine' creator='Scopia' width='60.0' height='60.0' angle='1.5707964' scale='0.75' image='61'/>
  </wall>
  <wall id='wall24' level='level1' wallAtEnd='wall8' xStart='112.79372' yStart='722.1775' xEnd='112.793724' yEnd='577.3975' height='7.6200547' heightAtEnd='152.4' thickness='7.62' pattern='hatchUp'>
    <texture attribute='leftSideTexture' name='Pine' creator='Scopia' width='60.0' height='60.0' angle='1.5707964' scale='0.75' image='61'/>
    <texture attribute='rightSideTexture' name='Pine' creator='Scopia' width='60.0' height='60.0' angle='1.5707964' scale='0.75' image='61'/>
  </wall>
  <wall id='wall25' level='level1' wallAtStart='wall14' wallAtEnd='wall26' xStart='723.89996' yStart='365.76004' xEnd='723.89996' yEnd='579.12' height='365.76' heightAtEnd='147.86043' thickness='15.24' pattern='hatchUp' leftSideColor='FF8B0017'>
    <texture attribute='rightSideTexture' name='Pine' creator='Scopia' width='60.0' height='60.0' angle='1.5707964' scale='0.75' image='61'/>
  </wall>
  <wall id='wall26' level='level1' wallAtStart='wall25' wallAtEnd='wall9' xStart='723.89996' yStart='579.12' xEnd='723.89996' yEnd='723.89996' height='147.86043' heightAtEnd='0.0' thickness='15.24' pattern='hatchUp' leftSideColor='FF8B0017'>
    <texture attribute='rightSideTexture' name='Pine' creator='Scopia' width='60.0' height='60.0' angle='1.5707964' scale='0.75' image='61'/>
  </wall>
  <wall id='wall27' level='level0' wallAtStart='wall19' wallAtEnd='wall34' xStart='318.8269' yStart='0.0' xEnd='441.7318' yEnd='0.0' height='243.84' thickness='15.24' pattern='hatchUp' leftSideColor='FF8B0017'>
    <texture attribute='rightSideTexture' name='Pine' creator='Scopia' width='60.0' height='60.0' angle='1.5707964' scale='0.75' image='61'/>
  </wall>
  <wall id='wall28' level='level0' wallAtEnd='wall29' xStart='548.64' yStart='243.84' xEnd='441.7318' yEnd='243.84' height='243.84' thickness='10.16' pattern='hatchUp'>
    <texture attribute='leftSideTexture' name='Pine' creator='Scopia' width='60.0' height='60.0' angle='1.5707964' scale='0.75' image='61'/>
    <texture attribute='rightSideTexture' name='Pine' creator='Scopia' width='60.0' height='60.0' angle='1.5707964' scale='0.75' image='61'/>
  </wall>
  <wall id='wall29' level='level0' wallAtStart='wall28' wallAtEnd='wall22' xStart='441.7318' yStart='243.84' xEnd='318.8269' yEnd='243.84' height='243.84' thickness='10.16' pattern='hatchUp'>
    <texture attribute='leftSideTexture' name='Pine' creator='Scopia' width='60.0' height='60.0' angle='1.5707964' scale='0.75' image='61'/>
    <texture attribute='rightSideTexture' name='Pine' creator='Scopia' width='60.0' height='60.0' angle='1.5707964' scale='0.75' image='61'/>
  </wall>
  <wall id='wall30' level='level0' wallAtStart='wall11' wallAtEnd='wall31' xStart='723.89996' yStart='170.78508' xEnd='722.8935' yEnd='243.83984' height='243.84' thickness='15.24' pattern='hatchUp' leftSideColor='FF8B0017'>
    <texture attribute='rightSideTexture' name='Pine' creator='Scopia' width='60.0' height='60.0' angle='1.5707964' scale='0.75' image='61'/>
  </wall>
  <wall id='wall31' level='level0' wallAtStart='wall30' wallAtEnd='wall3' xStart='722.8935' yStart='243.83984' xEnd='716.27997' yEnd='723.89996' height='243.84' thickness='15.24' pattern='hatchUp' leftSideColor='FF8B0017'>
    <texture attribute='rightSideTexture' name='Pine' creator='Scopia' width='60.0' height='60.0' angle='1.5707964' scale='0.75' image='61'/>
  </wall>
  <wall id='wall32' level='level0' wallAtEnd='wall33' xStart='548.64' yStart='243.84003' xEnd='553.07' yEnd='243.84003' height='243.84' thickness='10.16' pattern='hatchUp'>
    <texture attribute='leftSideTexture' name='Pine' creator='Scopia' width='60.0' height='60.0' angle='1.5707964' scale='0.75' image='61'/>
    <texture attribute='rightSideTexture' name='Pine' creator='Scopia' width='60.0' height='60.0' angle='1.5707964' scale='0.75' image='61'/>
  </wall>
  <wall id='wall33' level='level0' wallAtStart='wall32' xStart='553.07' yStart='243.84003' xEnd='716.27997' yEnd='243.84' height='243.84' thickness='10.16' pattern='hatchUp'>
    <texture attribute='leftSideTexture' name='Pine' creator='Scopia' width='60.0' height='60.0' angle='1.5707964' scale='0.75' image='61'/>
    <texture attribute='rightSideTexture' name='Pine' creator='Scopia' width='60.0' height='60.0' angle='1.5707964' scale='0.75' image='61'/>
  </wall>
  <wall id='wall34' level='level0' wallAtStart='wall27' wallAtEnd='wall35' xStart='441.7318' yStart='0.0' xEnd='553.07' yEnd='0.0' height='243.84' thickness='15.24' pattern='hatchUp' leftSideColor='FF8B0017'>
    <texture attribute='rightSideTexture' name='Pine' creator='Scopia' width='60.0' height='60.0' angle='1.5707964' scale='0.75' image='61'/>
  </wall>
  <wall id='wall35' level='level0' wallAtStart='wall34' wallAtEnd='wall11' xStart='553.07' yStart='0.0' xEnd='723.89996' yEnd='0.0' height='243.84' thickness='15.24' pattern='hatchUp' leftSideColor='FF8B0017'>
    <texture attribute='rightSideTexture' name='Pine' creator='Scopia' width='60.0' height='60.0' angle='1.5707964' scale='0.75' image='61'/>
  </wall>
  <wall id='wall36' level='level1' wallAtStart='wall38' xStart='426.71997' yStart='457.19998' xEnd='426.71997' yEnd='579.12' height='274.32' heightAtEnd='152.4' thickness='7.62' pattern='hatchUp'>
    <texture attribute='leftSideTexture' name='Pine' creator='Scopia' width='60.0' height='60.0' angle='1.5707964' scale='0.75' image='61'/>
    <texture attribute='rightSideTexture' name='Pine' creator='Scopia' width='60.0' height='60.0' angle='1.5707964' scale='0.75' image='61'/>
  </wall>
  <wall id='wall37' level='level1' wallAtEnd='wall38' xStart='426.71997' yStart='152.4' xEnd='426.71997' yEnd='274.32' height='152.4' heightAtEnd='274.32' thickness='7.62' pattern='hatchUp'>
    <texture attribute='leftSideTexture' name='Pine' creator='Scopia' width='60.0' height='60.0' angle='1.5707964' scale='0.75' image='61'/>
    <texture attribute='rightSideTexture' name='Pine' creator='Scopia' width='60.0' height='60.0' angle='1.5707964' scale='0.75' image='61'/>
  </wall>
  <wall id='wall38' level='level1' wallAtStart='wall37' wallAtEnd='wall36' xStart='426.71997' yStart='274.32' xEnd='426.71997' yEnd='457.19998' height='274.32' thickness='7.62' pattern='hatchUp'>
    <texture attribute='leftSideTexture' name='Pine' creator='Scopia' width='60.0' height='60.0' angle='1.5707964' scale='0.75' image='61'/>
    <texture attribute='rightSideTexture' name='Pine' creator='Scopia' width='60.0' height='60.0' angle='1.5707964' scale='0.75' image='61'/>
  </wall>
  <room level='level0' areaVisible='true'>
    <texture attribute='floorTexture' name='Dark blue sponge wallpaint' creator='Scopia' width='100.0' height='100.0' image='62'/>
    <texture attribute='ceilingTexture' name='Pine' creator='Scopia' width='60.0' height='60.0' image='61'/>
    <point x='445.5418' y='7.62'/>
    <point x='445.5418' y='91.227165'/>
    <point x='441.70663' y='91.227165'/>
    <point x='441.70663' y='168.42712'/>
    <point x='445.5418' y='168.42712'/>
    <point x='445.5418' y='238.76'/>
    <point x='548.64' y='238.76'/>
    <point x='548.64' y='238.76003'/>
    <point x='549.26' y='238.76003'/>
    <point x='549.26' y='148.44469'/>
    <point x='553.09503' y='148.44469'/>
    <point x='553.09503' y='66.097984'/>
    <point x='549.26' y='66.098045'/>
    <point x='549.26' y='7.62'/>
  </room>
  <room level='level0' areaVisible='true'>
    <texture attribute='floorTexture' name='Dark blue sponge wallpaint' creator='Scopia' width='100.0' height='100.0' image='62'/>
    <texture attribute='ceilingTexture' name='Pine' creator='Scopia' width='60.0' height='60.0' image='61'/>
    <point x='556.88' y='7.62'/>
    <point x='556.88' y='66.098045'/>
    <point x='553.045' y='66.097984'/>
    <point x='553.045' y='148.44469'/>
    <point x='556.88' y='148.44469'/>
    <point x='556.88' y='238.76003'/>
    <point x='715.34283' y='238.76'/>
    <point x='716.27997' y='170.73438'/>
    <point x='716.27997' y='7.62'/>
  </room>
  <room level='level0' areaVisible='true'>
    <texture attribute='floorTexture' name='Dark blue sponge wallpaint' creator='Scopia' width='100.0' height='100.0' image='62'/>
    <point x='333.714' y='243.815'/>
    <point x='333.714' y='248.92'/>
    <point x='7.619939' y='248.92'/>
    <point x='7.619939' y='304.8'/>
    <point x='7.619939' y='335.27997'/>
    <point x='7.6199083' y='716.27997'/>
    <point x='406.7869' y='716.27997'/>
    <point x='406.7869' y='723.92505'/>
    <point x='519.2802' y='723.92505'/>
    <point x='519.2802' y='716.27997'/>
    <point x='708.7642' y='716.27997'/>
    <point x='715.2028' y='248.92'/>
    <point x='548.64' y='248.92003'/>
    <point x='548.64' y='248.92'/>
    <point x='426.05402' y='248.92'/>
    <point x='426.05402' y='243.815'/>
  </room>
  <room level='level0' areaVisible='true'>
    <texture attribute='floorTexture' name='Dark blue sponge wallpaint' creator='Scopia' width='100.0' height='100.0' image='62'/>
    <texture attribute='ceilingTexture' name='Pine' creator='Scopia' width='60.0' height='60.0' image='61'/>
    <point x='339.16357' y='-0.025182629'/>
    <point x='339.16357' y='7.62'/>
    <point x='323.9069' y='7.62'/>
    <point x='323.9069' y='144.86517'/>
    <point x='318.8021' y='144.86517'/>
    <point x='318.8021' y='226.94516'/>
    <point x='323.9069' y='226.94519'/>
    <point x='323.9069' y='238.76'/>
    <point x='333.714' y='238.76'/>
    <point x='333.714' y='243.86499'/>
    <point x='426.05402' y='243.86499'/>
    <point x='426.05402' y='238.76'/>
    <point x='437.9218' y='238.76'/>
    <point x='437.9218' y='168.42719'/>
    <point x='441.75662' y='168.42719'/>
    <point x='441.75662' y='91.22712'/>
    <point x='437.9218' y='91.22712'/>
    <point x='437.9218' y='7.62'/>
    <point x='431.20355' y='7.62'/>
    <point x='431.20355' y='-0.025182629'/>
  </room>
  <room level='level0' areaVisible='true'>
    <texture attribute='floorTexture' name='Dark blue sponge wallpaint' creator='Scopia' width='100.0' height='100.0' image='62'/>
    <texture attribute='ceilingTexture' name='Pine' creator='Scopia' width='60.0' height='60.0' image='61'/>
    <point x='7.619939' y='7.62'/>
    <point x='7.619939' y='238.76'/>
    <point x='313.74692' y='238.76'/>
    <point x='313.74692' y='226.94518'/>
    <point x='318.85208' y='226.94514'/>
    <point x='318.85208' y='144.86519'/>
    <point x='313.74692' y='144.86519'/>
    <point x='313.74692' y='7.62'/>
  </room>
  <room level='level1' areaVisible='true' ceilingVisible='false'>
    <texture attribute='floorTexture' name='Poplar' creator='Emmanuel Puybaret' catalogId='Puybaret#poplar' width='40.0' height='80.0' image='63'/>
    <point x='716.27997' y='582.93'/>
    <point x='716.27997' y='716.27997'/>
    <point x='113.158875' y='716.27997'/>
    <point x='113.15887' y='582.93'/>
  </room>
  <room level='level1' areaVisible='true'>
    <texture attribute='floorTexture' name='Poplar' creator='Emmanuel Puybaret' catalogId='Puybaret#poplar' width='40.0' height='80.0' image='63'/>
    <point x='716.27997' y='7.62'/>
    <point x='716.27997' y='148.59'/>
    <point x='7.6199937' y='148.59'/>
    <point x='7.62' y='7.62'/>
  </room>
  <room level='level1' areaVisible='true' ceilingVisible='false'>
    <texture attribute='floorTexture' name='Poplar' creator='Emmanuel Puybaret' catalogId='Puybaret#poplar' width='40.0' height='80.0' image='63'/>
    <point x='716.27997' y='156.20999'/>
    <point x='716.27997' y='365.76004'/>
    <point x='716.27997' y='575.31'/>
    <point x='113.13841' y='575.31'/>
    <point x='111.60671' y='290.748'/>
    <point x='7.619987' y='290.748'/>
    <point x='7.619993' y='156.20999'/>
  </room>
</home>